X,CH1,CH2,Start,Increment,
Sequence,Volt,Volt,-1.200000e-03,2.000000e-06
0,1.60e-01,4.00e-01,
1,3.20e-01,0.00e+00,
2,1.60e-01,4.00e-01,
3,2.40e-01,-4.00e-01,
4,2.40e-01,-4.00e-01,
5,1.60e-01,4.00e-01,
6,1.60e-01,4.00e-01,
7,2.40e-01,-4.00e-01,
8,1.60e-01,-4.00e-01,
9,2.40e-01,4.00e-01,
10,1.60e-01,4.00e-01,
11,3.20e-01,-4.00e-01,
12,1.60e-01,4.00e-01,
13,3.20e-01,-4.00e-01,
14,1.60e-01,4.00e-01,
15,3.20e-01,-4.00e-01,
16,3.20e-01,4.00e-01,
17,1.60e-01,-4.00e-01,
18,1.60e-01,4.00e-01,
19,2.40e-01,-4.00e-01,
20,1.60e-01,-4.00e-01,
21,3.20e-01,4.00e-01,
22,1.60e-01,4.00e-01,
23,2.40e-01,-4.00e-01,
24,1.60e-01,4.00e-01,
25,2.40e-01,-4.00e-01,
26,1.60e-01,-4.00e-01,
27,2.40e-01,4.00e-01,
28,1.60e-01,4.00e-01,
29,2.40e-01,-4.00e-01,
30,1.60e-01,4.00e-01,
31,3.20e-01,-4.00e-01,
32,3.20e-01,4.00e-01,
33,1.60e-01,-4.00e-01,
34,1.60e-01,4.00e-01,
35,3.20e-01,-4.00e-01,
36,3.20e-01,-4.00e-01,
37,1.60e-01,4.00e-01,
38,1.60e-01,4.00e-01,
39,3.20e-01,-4.00e-01,
40,1.60e-01,4.00e-01,
41,3.20e-01,-4.00e-01,
42,1.60e-01,-4.00e-01,
43,3.20e-01,4.00e-01,
44,1.60e-01,-4.00e-01,
45,3.20e-01,4.00e-01,
46,1.60e-01,-4.00e-01,
47,2.40e-01,4.00e-01,
48,1.60e-01,4.00e-01,
49,2.40e-01,-4.00e-01,
50,1.60e-01,4.00e-01,
51,2.40e-01,-4.00e-01,
52,2.40e-01,4.00e-01,
53,1.60e-01,-4.00e-01,
54,1.60e-01,4.00e-01,
55,2.40e-01,-4.00e-01,
56,1.60e-01,-4.00e-01,
57,2.40e-01,4.00e-01,
58,1.60e-01,4.00e-01,
59,2.40e-01,-4.00e-01,
60,1.60e-01,4.00e-01,
61,2.40e-01,-4.00e-01,
62,2.40e-01,4.00e-01,
63,1.60e-01,-4.00e-01,
64,1.60e-01,-4.00e-01,
65,3.20e-01,4.00e-01,
66,1.60e-01,-4.00e-01,
67,3.20e-01,4.00e-01,
68,1.60e-01,4.00e-01,
69,3.20e-01,-4.00e-01,
70,1.60e-01,4.00e-01,
71,3.20e-01,-4.00e-01,
72,1.60e-01,4.00e-01,
73,2.40e-01,-4.00e-01,
74,1.60e-01,4.00e-01,
75,2.40e-01,-4.00e-01,
76,1.60e-01,4.00e-01,
77,2.40e-01,-4.00e-01,
78,1.60e-01,4.00e-01,
79,3.20e-01,-4.00e-01,
80,1.60e-01,4.00e-01,
81,3.20e-01,-4.00e-01,
82,1.60e-01,4.00e-01,
83,3.20e-01,-4.00e-01,
84,1.60e-01,4.00e-01,
85,3.20e-01,-4.00e-01,
86,1.60e-01,-4.00e-01,
87,3.20e-01,4.00e-01,
88,1.60e-01,4.00e-01,
89,3.20e-01,-4.00e-01,
90,1.60e-01,4.00e-01,
91,3.20e-01,-4.00e-01,
92,3.20e-01,4.00e-01,
93,1.60e-01,-4.00e-01,
94,1.60e-01,4.00e-01,
95,3.20e-01,-4.00e-01,
96,1.60e-01,4.00e-01,
97,2.40e-01,-4.00e-01,
98,2.40e-01,4.00e-01,
99,1.60e-01,-4.00e-01,
100,1.60e-01,-4.00e-01,
101,2.40e-01,4.00e-01,
102,1.60e-01,4.00e-01,
103,3.20e-01,-4.00e-01,
104,1.60e-01,4.00e-01,
105,3.20e-01,-4.00e-01,
106,1.60e-01,-4.00e-01,
107,3.20e-01,4.00e-01,
108,1.60e-01,-4.00e-01,
109,3.20e-01,4.00e-01,
110,1.60e-01,4.00e-01,
111,3.20e-01,-4.00e-01,
112,1.60e-01,4.00e-01,
113,3.20e-01,-4.00e-01,
114,1.60e-01,-4.00e-01,
115,2.40e-01,4.00e-01,
116,2.40e-01,4.00e-01,
117,1.60e-01,-4.00e-01,
118,1.60e-01,4.00e-01,
119,2.40e-01,-4.00e-01,
120,1.60e-01,4.00e-01,
121,3.20e-01,-4.00e-01,
122,1.60e-01,4.00e-01,
123,3.20e-01,-4.00e-01,
124,1.60e-01,4.00e-01,
125,3.20e-01,-4.00e-01,
126,1.60e-01,4.00e-01,
127,3.20e-01,-4.00e-01,
128,1.60e-01,-4.00e-01,
129,3.20e-01,4.00e-01,
130,3.20e-01,-4.00e-01,
131,1.60e-01,4.00e-01,
132,1.60e-01,4.00e-01,
133,3.20e-01,-4.00e-01,
134,1.60e-01,-4.00e-01,
135,3.20e-01,4.00e-01,
136,1.60e-01,4.00e-01,
137,3.20e-01,-4.00e-01,
138,1.60e-01,4.00e-01,
139,3.20e-01,-4.00e-01,
140,1.60e-01,-4.00e-01,
141,3.20e-01,4.00e-01,
142,1.60e-01,4.00e-01,
143,3.20e-01,-4.00e-01,
144,1.60e-01,4.00e-01,
145,3.20e-01,-4.00e-01,
146,1.60e-01,-4.00e-01,
147,3.20e-01,4.00e-01,
148,1.60e-01,-4.00e-01,
149,3.20e-01,4.00e-01,
150,1.60e-01,4.00e-01,
151,2.40e-01,-4.00e-01,
152,1.60e-01,4.00e-01,
153,3.20e-01,-4.00e-01,
154,1.60e-01,4.00e-01,
155,3.20e-01,-4.00e-01,
156,1.60e-01,4.00e-01,
157,3.20e-01,-4.00e-01,
158,2.40e-01,-4.00e-01,
159,1.60e-01,4.00e-01,
160,1.60e-01,4.00e-01,
161,2.40e-01,-4.00e-01,
162,1.60e-01,4.00e-01,
163,2.40e-01,-4.00e-01,
164,1.60e-01,4.00e-01,
165,3.20e-01,-4.00e-01,
166,1.60e-01,-4.00e-01,
167,3.20e-01,4.00e-01,
168,1.60e-01,4.00e-01,
169,3.20e-01,-4.00e-01,
170,1.60e-01,4.00e-01,
171,3.20e-01,-4.00e-01,
172,1.60e-01,4.00e-01,
173,3.20e-01,-4.00e-01,
174,1.60e-01,4.00e-01,
175,2.40e-01,-4.00e-01,
176,1.60e-01,4.00e-01,
177,3.20e-01,-4.00e-01,
178,1.60e-01,-4.00e-01,
179,3.20e-01,4.00e-01,
180,3.20e-01,-4.00e-01,
181,1.60e-01,4.00e-01,
182,1.60e-01,4.00e-01,
183,3.20e-01,-4.00e-01,
184,3.20e-01,4.00e-01,
185,1.60e-01,-4.00e-01,
186,3.20e-01,4.00e-01,
187,1.60e-01,-4.00e-01,
188,1.60e-01,-4.00e-01,
189,3.20e-01,4.00e-01,
190,1.60e-01,4.00e-01,
191,3.20e-01,-4.00e-01,
192,1.60e-01,-4.00e-01,
193,3.20e-01,4.00e-01,
194,1.60e-01,-4.00e-01,
195,3.20e-01,4.00e-01,
196,1.60e-01,-4.00e-01,
197,2.40e-01,4.00e-01,
198,1.60e-01,4.00e-01,
199,3.20e-01,-4.00e-01,
200,1.60e-01,-4.00e-01,
201,3.20e-01,4.00e-01,
202,1.60e-01,4.00e-01,
203,2.40e-01,-4.00e-01,
204,1.60e-01,-4.00e-01,
205,3.20e-01,4.00e-01,
206,1.60e-01,-4.00e-01,
207,2.40e-01,4.00e-01,
208,1.60e-01,-4.00e-01,
209,2.40e-01,4.00e-01,
210,1.60e-01,-4.00e-01,
211,2.40e-01,4.00e-01,
212,1.60e-01,-4.00e-01,
213,3.20e-01,4.00e-01,
214,1.60e-01,4.00e-01,
215,3.20e-01,-4.00e-01,
216,1.60e-01,4.00e-01,
217,3.20e-01,-4.00e-01,
218,1.60e-01,4.00e-01,
219,3.20e-01,-4.00e-01,
220,1.60e-01,4.00e-01,
221,3.20e-01,-4.00e-01,
222,1.60e-01,4.00e-01,
223,3.20e-01,-4.00e-01,
224,1.60e-01,4.00e-01,
225,2.40e-01,-4.00e-01,
226,1.60e-01,4.00e-01,
227,3.20e-01,-4.00e-01,
228,1.60e-01,-4.00e-01,
229,3.20e-01,4.00e-01,
230,3.20e-01,4.00e-01,
231,1.60e-01,-4.00e-01,
232,1.60e-01,-4.00e-01,
233,3.20e-01,4.00e-01,
234,1.60e-01,-4.00e-01,
235,3.20e-01,4.00e-01,
236,1.60e-01,4.00e-01,
237,3.20e-01,-4.00e-01,
238,1.60e-01,4.00e-01,
239,3.20e-01,-4.00e-01,
240,1.60e-01,-4.00e-01,
241,3.20e-01,4.00e-01,
242,1.60e-01,-4.00e-01,
243,3.20e-01,4.00e-01,
244,1.60e-01,-4.00e-01,
245,3.20e-01,4.00e-01,
246,1.60e-01,4.00e-01,
247,3.20e-01,-4.00e-01,
248,1.60e-01,-4.00e-01,
249,3.20e-01,4.00e-01,
250,1.60e-01,4.00e-01,
251,3.20e-01,-4.00e-01,
252,1.60e-01,-4.00e-01,
253,3.20e-01,4.00e-01,
254,1.60e-01,-4.00e-01,
255,3.20e-01,4.00e-01,
256,1.60e-01,4.00e-01,
257,3.20e-01,-4.00e-01,
258,1.60e-01,4.00e-01,
259,3.20e-01,-4.00e-01,
260,1.60e-01,4.00e-01,
261,3.20e-01,-4.00e-01,
262,1.60e-01,-4.00e-01,
263,3.20e-01,4.00e-01,
264,1.60e-01,-4.00e-01,
265,3.20e-01,4.00e-01,
266,1.60e-01,4.00e-01,
267,3.20e-01,-4.00e-01,
268,1.60e-01,4.00e-01,
269,3.20e-01,-4.00e-01,
270,1.60e-01,4.00e-01,
271,3.20e-01,-4.00e-01,
272,1.60e-01,-4.00e-01,
273,2.40e-01,4.00e-01,
274,1.60e-01,-4.00e-01,
275,3.20e-01,4.00e-01,
276,1.60e-01,-4.00e-01,
277,3.20e-01,4.00e-01,
278,1.60e-01,4.00e-01,
279,3.20e-01,-4.00e-01,
280,1.60e-01,4.00e-01,
281,3.20e-01,-4.00e-01,
282,1.60e-01,4.00e-01,
283,3.20e-01,-4.00e-01,
284,1.60e-01,4.00e-01,
285,3.20e-01,-4.00e-01,
286,1.60e-01,4.00e-01,
287,3.20e-01,-4.00e-01,
288,1.60e-01,-4.00e-01,
289,3.20e-01,4.00e-01,
290,1.60e-01,-4.00e-01,
291,3.20e-01,4.00e-01,
292,1.60e-01,4.00e-01,
293,3.20e-01,-4.00e-01,
294,1.60e-01,4.00e-01,
295,2.40e-01,-4.00e-01,
296,1.60e-01,4.00e-01,
297,2.40e-01,-4.00e-01,
298,2.40e-01,4.00e-01,
299,1.60e-01,-4.00e-01,
300,1.60e-01,4.00e-01,
301,2.40e-01,-4.00e-01,
302,1.60e-01,4.00e-01,
303,3.20e-01,-4.00e-01,
304,1.60e-01,4.00e-01,
305,2.40e-01,-4.00e-01,
306,1.60e-01,4.00e-01,
307,3.20e-01,-4.00e-01,
308,1.60e-01,4.00e-01,
309,3.20e-01,-4.00e-01,
310,1.60e-01,4.00e-01,
311,3.20e-01,-4.00e-01,
312,1.60e-01,-4.00e-01,
313,3.20e-01,4.00e-01,
314,1.60e-01,4.00e-01,
315,2.40e-01,-4.00e-01,
316,1.60e-01,4.00e-01,
317,3.20e-01,-4.00e-01,
318,1.60e-01,4.00e-01,
319,3.20e-01,-4.00e-01,
320,1.60e-01,4.00e-01,
321,3.20e-01,-4.00e-01,
322,1.60e-01,4.00e-01,
323,3.20e-01,-4.00e-01,
324,1.60e-01,4.00e-01,
325,3.20e-01,-4.00e-01,
326,1.60e-01,4.00e-01,
327,3.20e-01,-4.00e-01,
328,1.60e-01,-4.00e-01,
329,3.20e-01,4.00e-01,
330,1.60e-01,4.00e-01,
331,3.20e-01,-4.00e-01,
332,1.60e-01,4.00e-01,
333,3.20e-01,-4.00e-01,
334,1.60e-01,4.00e-01,
335,3.20e-01,-4.00e-01,
336,1.60e-01,4.00e-01,
337,3.20e-01,-4.00e-01,
338,1.60e-01,-4.00e-01,
339,3.20e-01,4.00e-01,
340,1.60e-01,-4.00e-01,
341,2.40e-01,4.00e-01,
342,1.60e-01,4.00e-01,
343,2.40e-01,-4.00e-01,
344,1.60e-01,4.00e-01,
345,3.20e-01,-4.00e-01,
346,1.60e-01,-4.00e-01,
347,3.20e-01,4.00e-01,
348,1.60e-01,4.00e-01,
349,3.20e-01,-4.00e-01,
350,1.60e-01,-4.00e-01,
351,2.40e-01,4.00e-01,
352,1.60e-01,-4.00e-01,
353,2.40e-01,4.00e-01,
354,1.60e-01,4.00e-01,
355,2.40e-01,-4.00e-01,
356,1.60e-01,4.00e-01,
357,2.40e-01,-4.00e-01,
358,1.60e-01,4.00e-01,
359,2.40e-01,-4.00e-01,
360,1.60e-01,4.00e-01,
361,3.20e-01,-4.00e-01,
362,1.60e-01,4.00e-01,
363,3.20e-01,-4.00e-01,
364,1.60e-01,4.00e-01,
365,3.20e-01,-4.00e-01,
366,1.60e-01,4.00e-01,
367,3.20e-01,-4.00e-01,
368,1.60e-01,-4.00e-01,
369,3.20e-01,4.00e-01,
370,1.60e-01,4.00e-01,
371,2.40e-01,-4.00e-01,
372,1.60e-01,-4.00e-01,
373,3.20e-01,4.00e-01,
374,1.60e-01,4.00e-01,
375,3.20e-01,-4.00e-01,
376,1.60e-01,4.00e-01,
377,3.20e-01,-4.00e-01,
378,1.60e-01,4.00e-01,
379,3.20e-01,-4.00e-01,
380,1.60e-01,4.00e-01,
381,3.20e-01,-4.00e-01,
382,1.60e-01,4.00e-01,
383,3.20e-01,-4.00e-01,
384,1.60e-01,-4.00e-01,
385,3.20e-01,4.00e-01,
386,3.20e-01,4.00e-01,
387,1.60e-01,-4.00e-01,
388,1.60e-01,-4.00e-01,
389,3.20e-01,4.00e-01,
390,2.40e-01,4.00e-01,
391,1.60e-01,-4.00e-01,
392,1.60e-01,4.00e-01,
393,2.40e-01,-4.00e-01,
394,1.60e-01,4.00e-01,
395,3.20e-01,-4.00e-01,
396,1.60e-01,-4.00e-01,
397,3.20e-01,4.00e-01,
398,1.60e-01,4.00e-01,
399,3.20e-01,-4.00e-01,
400,1.60e-01,-4.00e-01,
401,3.20e-01,4.00e-01,
402,1.60e-01,4.00e-01,
403,3.20e-01,-4.00e-01,
404,1.60e-01,4.00e-01,
405,2.40e-01,-4.00e-01,
406,1.60e-01,4.00e-01,
407,2.40e-01,-4.00e-01,
408,1.60e-01,4.00e-01,
409,2.40e-01,-4.00e-01,
410,1.60e-01,-4.00e-01,
411,2.40e-01,4.00e-01,
412,1.60e-01,4.00e-01,
413,2.40e-01,-4.00e-01,
414,1.60e-01,4.00e-01,
415,3.20e-01,-4.00e-01,
416,2.40e-01,4.00e-01,
417,1.60e-01,-4.00e-01,
418,1.60e-01,4.00e-01,
419,2.40e-01,-4.00e-01,
420,1.60e-01,4.00e-01,
421,2.40e-01,-4.00e-01,
422,1.60e-01,-4.00e-01,
423,3.20e-01,4.00e-01,
424,1.60e-01,4.00e-01,
425,3.20e-01,-4.00e-01,
426,1.60e-01,4.00e-01,
427,3.20e-01,-4.00e-01,
428,3.20e-01,4.00e-01,
429,1.60e-01,-4.00e-01,
430,1.60e-01,4.00e-01,
431,3.20e-01,-4.00e-01,
432,1.60e-01,4.00e-01,
433,3.20e-01,-4.00e-01,
434,1.60e-01,4.00e-01,
435,3.20e-01,-4.00e-01,
436,1.60e-01,4.00e-01,
437,3.20e-01,-4.00e-01,
438,1.60e-01,4.00e-01,
439,3.20e-01,-4.00e-01,
440,1.60e-01,4.00e-01,
441,3.20e-01,-4.00e-01,
442,1.60e-01,4.00e-01,
443,3.20e-01,-4.00e-01,
444,1.60e-01,-4.00e-01,
445,3.20e-01,4.00e-01,
446,1.60e-01,4.00e-01,
447,3.20e-01,-4.00e-01,
448,1.60e-01,4.00e-01,
449,3.20e-01,-4.00e-01,
450,1.60e-01,4.00e-01,
451,3.20e-01,-4.00e-01,
452,2.40e-01,-4.00e-01,
453,1.60e-01,4.00e-01,
454,1.60e-01,4.00e-01,
455,2.40e-01,-4.00e-01,
456,1.60e-01,4.00e-01,
457,2.40e-01,-4.00e-01,
458,1.60e-01,4.00e-01,
459,3.20e-01,-4.00e-01,
460,1.60e-01,4.00e-01,
461,3.20e-01,-4.00e-01,
462,1.60e-01,4.00e-01,
463,3.20e-01,-4.00e-01,
464,1.60e-01,4.00e-01,
465,3.20e-01,-4.00e-01,
466,1.60e-01,-4.00e-01,
467,3.20e-01,4.00e-01,
468,3.20e-01,-4.00e-01,
469,1.60e-01,4.00e-01,
470,1.60e-01,4.00e-01,
471,3.20e-01,-4.00e-01,
472,2.40e-01,-4.00e-01,
473,3.20e-01,4.00e-01,
474,3.20e-01,4.00e-01,
475,1.60e-01,-4.00e-01,
476,1.60e-01,4.00e-01,
477,3.20e-01,-4.00e-01,
478,1.60e-01,-4.00e-01,
479,3.20e-01,4.00e-01,
480,1.60e-01,-4.00e-01,
481,3.20e-01,4.00e-01,
482,3.20e-01,4.00e-01,
483,1.60e-01,-4.00e-01,
484,3.20e-01,4.00e-01,
485,1.60e-01,-4.00e-01,
486,1.60e-01,4.00e-01,
487,3.20e-01,-4.00e-01,
488,1.60e-01,4.00e-01,
489,3.20e-01,-4.00e-01,
490,1.60e-01,4.00e-01,
491,3.20e-01,-4.00e-01,
492,1.60e-01,-4.00e-01,
493,3.20e-01,4.00e-01,
494,2.40e-01,4.00e-01,
495,1.60e-01,-4.00e-01,
496,1.60e-01,4.00e-01,
497,3.20e-01,-4.00e-01,
498,1.60e-01,4.00e-01,
499,3.20e-01,-4.00e-01,
500,1.60e-01,4.00e-01,
501,3.20e-01,-4.00e-01,
502,1.60e-01,4.00e-01,
503,3.20e-01,-4.00e-01,
504,1.60e-01,4.00e-01,
505,3.20e-01,-4.00e-01,
506,1.60e-01,4.00e-01,
507,3.20e-01,-4.00e-01,
508,1.60e-01,4.00e-01,
509,3.20e-01,-4.00e-01,
510,1.60e-01,4.00e-01,
511,3.20e-01,-4.00e-01,
512,2.40e-01,4.00e-01,
513,1.60e-01,-4.00e-01,
514,1.60e-01,4.00e-01,
515,2.40e-01,-4.00e-01,
516,1.60e-01,-4.00e-01,
517,2.40e-01,4.00e-01,
518,1.60e-01,-4.00e-01,
519,3.20e-01,4.00e-01,
520,1.60e-01,-4.00e-01,
521,3.20e-01,4.00e-01,
522,3.20e-01,-4.00e-01,
523,1.60e-01,4.00e-01,
524,1.60e-01,-4.00e-01,
525,3.20e-01,4.00e-01,
526,1.60e-01,4.00e-01,
527,3.20e-01,-4.00e-01,
528,3.20e-01,4.00e-01,
529,1.60e-01,-4.00e-01,
530,1.60e-01,-4.00e-01,
531,3.20e-01,4.00e-01,
532,1.60e-01,4.00e-01,
533,2.40e-01,-4.00e-01,
534,1.60e-01,4.00e-01,
535,3.20e-01,-4.00e-01,
536,1.60e-01,4.00e-01,
537,2.40e-01,-4.00e-01,
538,1.60e-01,4.00e-01,
539,3.20e-01,-4.00e-01,
540,1.60e-01,-4.00e-01,
541,2.40e-01,4.00e-01,
542,1.60e-01,-4.00e-01,
543,3.20e-01,4.00e-01,
544,1.60e-01,-4.00e-01,
545,3.20e-01,4.00e-01,
546,1.60e-01,4.00e-01,
547,2.40e-01,-4.00e-01,
548,1.60e-01,4.00e-01,
549,3.20e-01,-4.00e-01,
550,1.60e-01,4.00e-01,
551,3.20e-01,-4.00e-01,
552,1.60e-01,4.00e-01,
553,3.20e-01,-4.00e-01,
554,3.20e-01,4.00e-01,
555,1.60e-01,-4.00e-01,
556,1.60e-01,4.00e-01,
557,3.20e-01,-4.00e-01,
558,1.60e-01,4.00e-01,
559,3.20e-01,-4.00e-01,
560,1.60e-01,4.00e-01,
561,2.40e-01,-4.00e-01,
562,1.60e-01,-4.00e-01,
563,3.20e-01,4.00e-01,
564,1.60e-01,4.00e-01,
565,3.20e-01,-4.00e-01,
566,1.60e-01,-4.00e-01,
567,3.20e-01,4.00e-01,
568,1.60e-01,4.00e-01,
569,3.20e-01,-4.00e-01,
570,1.60e-01,4.00e-01,
571,3.20e-01,-4.00e-01,
572,3.20e-01,-4.00e-01,
573,1.60e-01,4.00e-01,
574,1.60e-01,4.00e-01,
575,2.40e-01,-4.00e-01,
576,2.40e-01,4.00e-01,
577,1.60e-01,-4.00e-01,
578,1.60e-01,4.00e-01,
579,2.40e-01,-4.00e-01,
580,1.60e-01,4.00e-01,
581,2.40e-01,-4.00e-01,
582,1.60e-01,-4.00e-01,
583,3.20e-01,4.00e-01,
584,1.60e-01,4.00e-01,
585,3.20e-01,-4.00e-01,
586,2.40e-01,4.00e-01,
587,1.60e-01,-4.00e-01,
588,1.60e-01,-4.00e-01,
589,2.40e-01,4.00e-01,
590,1.60e-01,4.00e-01,
591,3.20e-01,-4.00e-01,
592,1.60e-01,-4.00e-01,
593,3.20e-01,4.00e-01,
594,1.60e-01,-4.00e-01,
595,3.20e-01,4.00e-01,
596,1.60e-01,4.00e-01,
597,2.40e-01,-4.00e-01,
598,1.60e-01,4.00e-01,
599,2.40e-01,-4.00e-01,
600,3.20e-01,4.00e-01,
601,8.00e-02,-1.48e+01,
602,8.00e-02,-4.80e+00,
603,1.60e-01,8.00e-01,
604,1.60e-01,8.00e-01,
605,0.00e+00,-8.00e-01,
606,0.00e+00,4.00e-01,
607,3.20e-01,-8.00e-01,
608,2.40e-01,0.00e+00,
609,1.60e+00,-1.20e+00,
610,1.52e+00,-4.00e-01,
611,3.20e+00,-1.60e+00,
612,3.12e+00,-1.60e+00,
613,4.08e+00,-4.00e-01,
614,3.92e+00,-1.20e+00,
615,4.32e+00,-4.00e-01,
616,4.32e+00,-8.00e-01,
617,4.16e+00,-1.60e+00,
618,4.32e+00,-1.20e+00,
619,4.16e+00,-4.00e-01,
620,4.24e+00,-8.00e-01,
621,4.00e+00,-1.60e+00,
622,4.16e+00,-1.20e+00,
623,3.84e+00,-4.00e-01,
624,4.00e+00,-8.00e-01,
625,3.76e+00,-1.60e+00,
626,3.92e+00,-8.00e-01,
627,3.68e+00,-1.60e+00,
628,3.76e+00,-1.20e+00,
629,3.60e+00,-4.00e-01,
630,3.68e+00,-8.00e-01,
631,3.52e+00,-1.20e+00,
632,3.60e+00,-8.00e-01,
633,3.44e+00,-1.60e+00,
634,3.52e+00,-8.00e-01,
635,3.36e+00,-1.60e+00,
636,3.44e+00,-8.00e-01,
637,3.28e+00,-1.60e+00,
638,3.44e+00,-8.00e-01,
639,3.28e+00,-1.60e+00,
640,3.36e+00,-8.00e-01,
641,3.20e+00,-1.20e+00,
642,3.28e+00,-8.00e-01,
643,3.12e+00,-1.20e+00,
644,3.12e+00,-1.20e+00,
645,3.28e+00,-8.00e-01,
646,3.20e+00,-8.00e-01,
647,3.04e+00,-1.60e+00,
648,3.04e+00,-1.60e+00,
649,3.20e+00,-8.00e-01,
650,3.04e+00,-1.60e+00,
651,3.20e+00,-8.00e-01,
652,3.12e+00,-1.60e+00,
653,3.04e+00,-8.00e-01,
654,3.12e+00,-1.60e+00,
655,2.96e+00,-8.00e-01,
656,2.96e+00,-1.60e+00,
657,3.12e+00,-8.00e-01,
658,3.04e+00,-8.00e-01,
659,2.88e+00,-1.60e+00,
660,2.88e+00,-8.00e-01,
661,2.96e+00,-1.60e+00,
662,2.96e+00,-8.00e-01,
663,2.80e+00,-1.60e+00,
664,2.80e+00,-8.00e-01,
665,2.96e+00,-1.60e+00,
666,2.88e+00,-1.60e+00,
667,2.80e+00,-8.00e-01,
668,2.80e+00,-1.60e+00,
669,2.88e+00,-8.00e-01,
670,2.88e+00,-1.20e+00,
671,2.72e+00,-4.00e-01,
672,2.80e+00,-1.20e+00,
673,2.64e+00,-4.00e-01,
674,2.72e+00,-1.20e+00,
675,2.56e+00,-4.00e-01,
676,2.56e+00,-1.60e+00,
677,2.64e+00,-4.00e-01,
678,2.64e+00,-1.20e+00,
679,2.48e+00,-4.00e-01,
680,2.48e+00,-1.20e+00,
681,2.64e+00,-4.00e-01,
682,2.48e+00,-1.20e+00,
683,2.32e+00,-4.00e-01,
684,2.48e+00,-1.20e+00,
685,2.32e+00,-4.00e-01,
686,2.40e+00,-1.20e+00,
687,2.24e+00,-4.00e-01,
688,2.40e+00,-4.00e-01,
689,2.24e+00,-1.20e+00,
690,2.32e+00,-4.00e-01,
691,2.16e+00,-1.20e+00,
692,2.32e+00,-4.00e-01,
693,2.16e+00,-1.20e+00,
694,2.24e+00,-1.20e+00,
695,2.08e+00,-4.00e-01,
696,2.24e+00,-4.00e-01,
697,2.08e+00,-1.20e+00,
698,2.16e+00,-1.20e+00,
699,2.00e+00,-4.00e-01,
700,2.16e+00,-4.00e-01,
701,2.00e+00,-1.20e+00,
702,2.08e+00,-4.00e-01,
703,1.92e+00,-1.20e+00,
704,2.08e+00,-4.00e-01,
705,1.92e+00,-1.20e+00,
706,2.00e+00,-1.20e+00,
707,1.84e+00,-4.00e-01,
708,1.92e+00,-1.20e+00,
709,1.76e+00,-4.00e-01,
710,1.76e+00,-4.00e-01,
711,1.92e+00,-1.20e+00,
712,1.84e+00,-4.00e-01,
713,1.68e+00,-1.20e+00,
714,1.76e+00,0.00e+00,
715,1.60e+00,-1.20e+00,
716,1.76e+00,-8.00e-01,
717,1.60e+00,0.00e+00,
718,1.68e+00,-8.00e-01,
719,1.52e+00,0.00e+00,
720,1.52e+00,-8.00e-01,
721,1.68e+00,0.00e+00,
722,1.60e+00,-8.00e-01,
723,1.44e+00,0.00e+00,
724,1.44e+00,-8.00e-01,
725,1.60e+00,0.00e+00,
726,1.52e+00,0.00e+00,
727,1.36e+00,-8.00e-01,
728,1.36e+00,0.00e+00,
729,1.52e+00,-8.00e-01,
730,1.44e+00,0.00e+00,
731,1.36e+00,-8.00e-01,
732,1.44e+00,0.00e+00,
733,1.28e+00,-8.00e-01,
734,1.44e+00,0.00e+00,
735,1.28e+00,-8.00e-01,
736,1.36e+00,0.00e+00,
737,1.20e+00,-8.00e-01,
738,1.36e+00,0.00e+00,
739,1.20e+00,-8.00e-01,
740,1.36e+00,0.00e+00,
741,1.12e+00,-8.00e-01,
742,1.12e+00,-8.00e-01,
743,1.20e+00,0.00e+00,
744,1.12e+00,0.00e+00,
745,1.20e+00,-8.00e-01,
746,1.20e+00,0.00e+00,
747,1.04e+00,-8.00e-01,
748,1.12e+00,0.00e+00,
749,9.60e-01,-8.00e-01,
750,1.12e+00,-8.00e-01,
751,8.80e-01,0.00e+00,
752,8.80e-01,0.00e+00,
753,1.04e+00,-8.00e-01,
754,1.04e+00,0.00e+00,
755,8.80e-01,-8.00e-01,
756,9.60e-01,-8.00e-01,
757,8.00e-01,0.00e+00,
758,8.00e-01,0.00e+00,
759,9.60e-01,-8.00e-01,
760,8.00e-01,0.00e+00,
761,9.60e-01,-8.00e-01,
762,8.80e-01,0.00e+00,
763,7.20e-01,-8.00e-01,
764,8.80e-01,-8.00e-01,
765,7.20e-01,4.00e-01,
766,8.80e-01,4.00e-01,
767,7.20e-01,-8.00e-01,
768,8.00e-01,-4.00e-01,
769,6.40e-01,4.00e-01,
770,7.20e-01,4.00e-01,
771,5.60e-01,-8.00e-01,
772,5.60e-01,-8.00e-01,
773,7.20e-01,0.00e+00,
774,7.20e-01,0.00e+00,
775,5.60e-01,-4.00e-01,
776,7.20e-01,-4.00e-01,
777,4.80e-01,4.00e-01,
778,4.80e-01,-4.00e-01,
779,6.40e-01,4.00e-01,
780,4.80e-01,-4.00e-01,
781,6.40e-01,4.00e-01,
782,4.80e-01,-4.00e-01,
783,6.40e-01,4.00e-01,
784,6.40e-01,-4.00e-01,
785,4.00e-01,4.00e-01,
786,4.00e-01,4.00e-01,
787,5.60e-01,-4.00e-01,
788,4.00e-01,-4.00e-01,
789,5.60e-01,4.00e-01,
790,5.60e-01,-4.00e-01,
791,4.00e-01,4.00e-01,
792,4.80e-01,-4.00e-01,
793,3.20e-01,4.00e-01,
794,3.20e-01,-4.00e-01,
795,4.80e-01,4.00e-01,
796,3.20e-01,-4.00e-01,
797,4.00e-01,4.00e-01,
798,4.00e-01,-4.00e-01,
799,2.40e-01,4.00e-01,
800,4.00e-01,-4.00e-01,
801,2.40e-01,4.00e-01,
802,4.00e-01,-4.00e-01,
803,2.40e-01,4.00e-01,
804,2.40e-01,4.00e-01,
805,4.00e-01,-4.00e-01,
806,2.40e-01,-4.00e-01,
807,4.00e-01,4.00e-01,
808,2.40e-01,4.00e-01,
809,3.20e-01,-4.00e-01,
810,2.40e-01,4.00e-01,
811,3.20e-01,-4.00e-01,
812,2.40e-01,-4.00e-01,
813,3.20e-01,4.00e-01,
814,2.40e-01,-4.00e-01,
815,4.00e-01,4.00e-01,
816,2.40e-01,-4.00e-01,
817,4.00e-01,4.00e-01,
818,3.20e-01,4.00e-01,
819,2.40e-01,-4.00e-01,
820,2.40e-01,4.00e-01,
821,3.20e-01,-4.00e-01,
822,3.20e-01,4.00e-01,
823,1.60e-01,-4.00e-01,
824,1.60e-01,4.00e-01,
825,3.20e-01,-4.00e-01,
826,3.20e-01,4.00e-01,
827,1.60e-01,-4.00e-01,
828,1.60e-01,4.00e-01,
829,3.20e-01,-4.00e-01,
830,1.60e-01,4.00e-01,
831,3.20e-01,-4.00e-01,
832,1.60e-01,4.00e-01,
833,3.20e-01,-4.00e-01,
834,1.60e-01,4.00e-01,
835,3.20e-01,-4.00e-01,
836,1.60e-01,-4.00e-01,
837,3.20e-01,4.00e-01,
838,1.60e-01,4.00e-01,
839,3.20e-01,-4.00e-01,
840,1.60e-01,4.00e-01,
841,3.20e-01,-4.00e-01,
842,1.60e-01,4.00e-01,
843,3.20e-01,-4.00e-01,
844,1.60e-01,-4.00e-01,
845,3.20e-01,4.00e-01,
846,1.60e-01,-4.00e-01,
847,3.20e-01,4.00e-01,
848,1.60e-01,4.00e-01,
849,3.20e-01,-4.00e-01,
850,1.60e-01,4.00e-01,
851,3.20e-01,-4.00e-01,
852,1.60e-01,4.00e-01,
853,3.20e-01,-4.00e-01,
854,1.60e-01,4.00e-01,
855,3.20e-01,-4.00e-01,
856,1.60e-01,4.00e-01,
857,3.20e-01,-4.00e-01,
858,2.40e-01,-4.00e-01,
859,1.60e-01,4.00e-01,
860,2.40e-01,-4.00e-01,
861,1.60e-01,4.00e-01,
862,1.60e-01,4.00e-01,
863,3.20e-01,-8.00e-01,
864,3.20e-01,-4.00e-01,
865,2.40e-01,4.00e-01,
866,3.20e-01,-4.00e-01,
867,1.60e-01,4.00e-01,
868,3.20e-01,4.00e-01,
869,1.60e-01,-4.00e-01,
870,1.60e-01,-4.00e-01,
871,3.20e-01,4.00e-01,
872,1.60e-01,4.00e-01,
873,3.20e-01,-4.00e-01,
874,3.20e-01,4.00e-01,
875,1.60e-01,-4.00e-01,
876,3.20e-01,4.00e-01,
877,1.60e-01,-4.00e-01,
878,1.60e-01,-4.00e-01,
879,3.20e-01,4.00e-01,
880,1.60e-01,-4.00e-01,
881,3.20e-01,4.00e-01,
882,1.60e-01,-4.00e-01,
883,3.20e-01,4.00e-01,
884,1.60e-01,4.00e-01,
885,3.20e-01,-4.00e-01,
886,1.60e-01,4.00e-01,
887,3.20e-01,-4.00e-01,
888,1.60e-01,4.00e-01,
889,3.20e-01,-4.00e-01,
890,1.60e-01,-4.00e-01,
891,3.20e-01,4.00e-01,
892,1.60e-01,4.00e-01,
893,3.20e-01,-4.00e-01,
894,1.60e-01,4.00e-01,
895,3.20e-01,-4.00e-01,
896,1.60e-01,4.00e-01,
897,3.20e-01,-4.00e-01,
898,1.60e-01,4.00e-01,
899,3.20e-01,-4.00e-01,
900,3.20e-01,-4.00e-01,
901,1.60e-01,4.00e-01,
902,1.60e-01,4.00e-01,
903,3.20e-01,-4.00e-01,
904,1.60e-01,-4.00e-01,
905,3.20e-01,4.00e-01,
906,1.60e-01,4.00e-01,
907,3.20e-01,-4.00e-01,
908,1.60e-01,4.00e-01,
909,3.20e-01,-4.00e-01,
910,1.60e-01,-4.00e-01,
911,3.20e-01,4.00e-01,
912,1.60e-01,4.00e-01,
913,3.20e-01,-4.00e-01,
914,1.60e-01,4.00e-01,
915,3.20e-01,-4.00e-01,
916,1.60e-01,4.00e-01,
917,3.20e-01,-4.00e-01,
918,1.60e-01,-4.00e-01,
919,3.20e-01,4.00e-01,
920,1.60e-01,-4.00e-01,
921,3.20e-01,4.00e-01,
922,3.20e-01,4.00e-01,
923,1.60e-01,-4.00e-01,
924,1.60e-01,4.00e-01,
925,3.20e-01,-4.00e-01,
926,1.60e-01,4.00e-01,
927,3.20e-01,-4.00e-01,
928,1.60e-01,4.00e-01,
929,3.20e-01,-4.00e-01,
930,1.60e-01,4.00e-01,
931,3.20e-01,-4.00e-01,
932,1.60e-01,-4.00e-01,
933,3.20e-01,4.00e-01,
934,1.60e-01,4.00e-01,
935,3.20e-01,0.00e+00,
936,1.60e-01,4.00e-01,
937,3.20e-01,-4.00e-01,
938,1.60e-01,4.00e-01,
939,3.20e-01,-4.00e-01,
940,1.60e-01,4.00e-01,
941,3.20e-01,-4.00e-01,
942,1.60e-01,4.00e-01,
943,3.20e-01,-4.00e-01,
944,1.60e-01,4.00e-01,
945,3.20e-01,-4.00e-01,
946,1.60e-01,-4.00e-01,
947,3.20e-01,4.00e-01,
948,3.20e-01,4.00e-01,
949,1.60e-01,-4.00e-01,
950,3.20e-01,4.00e-01,
951,1.60e-01,-4.00e-01,
952,1.60e-01,4.00e-01,
953,3.20e-01,-4.00e-01,
954,1.60e-01,-4.00e-01,
955,3.20e-01,4.00e-01,
956,1.60e-01,4.00e-01,
957,3.20e-01,-4.00e-01,
958,1.60e-01,4.00e-01,
959,3.20e-01,-4.00e-01,
960,1.60e-01,4.00e-01,
961,3.20e-01,-4.00e-01,
962,1.60e-01,4.00e-01,
963,3.20e-01,-4.00e-01,
964,1.60e-01,4.00e-01,
965,3.20e-01,-4.00e-01,
966,1.60e-01,4.00e-01,
967,3.20e-01,-4.00e-01,
968,1.60e-01,4.00e-01,
969,3.20e-01,-4.00e-01,
970,1.60e-01,-4.00e-01,
971,3.20e-01,4.00e-01,
972,1.60e-01,-4.00e-01,
973,3.20e-01,4.00e-01,
974,1.60e-01,4.00e-01,
975,3.20e-01,-4.00e-01,
976,1.60e-01,4.00e-01,
977,3.20e-01,-4.00e-01,
978,1.60e-01,4.00e-01,
979,3.20e-01,-4.00e-01,
980,1.60e-01,4.00e-01,
981,3.20e-01,-4.00e-01,
982,1.60e-01,4.00e-01,
983,3.20e-01,-4.00e-01,
984,1.60e-01,4.00e-01,
985,3.20e-01,-4.00e-01,
986,1.60e-01,-4.00e-01,
987,3.20e-01,4.00e-01,
988,1.60e-01,4.00e-01,
989,3.20e-01,-4.00e-01,
990,1.60e-01,4.00e-01,
991,3.20e-01,-4.00e-01,
992,1.60e-01,4.00e-01,
993,3.20e-01,-4.00e-01,
994,1.60e-01,-4.00e-01,
995,3.20e-01,4.00e-01,
996,1.60e-01,-4.00e-01,
997,3.20e-01,4.00e-01,
998,1.60e-01,4.00e-01,
999,3.20e-01,-4.00e-01,
1000,3.20e-01,4.00e-01,
1001,1.60e-01,-4.00e-01,
1002,1.60e-01,4.00e-01,
1003,3.20e-01,-4.00e-01,
1004,1.60e-01,4.00e-01,
1005,3.20e-01,-4.00e-01,
1006,1.60e-01,4.00e-01,
1007,3.20e-01,-4.00e-01,
1008,1.60e-01,-4.00e-01,
1009,3.20e-01,4.00e-01,
1010,3.20e-01,-4.00e-01,
1011,2.40e-01,4.00e-01,
1012,3.20e-01,4.00e-01,
1013,1.60e-01,-4.00e-01,
1014,1.60e-01,4.00e-01,
1015,3.20e-01,-4.00e-01,
1016,3.20e-01,4.00e-01,
1017,1.60e-01,-4.00e-01,
1018,1.60e-01,4.00e-01,
1019,3.20e-01,-4.00e-01,
1020,1.60e-01,4.00e-01,
1021,3.20e-01,-4.00e-01,
1022,1.60e-01,4.00e-01,
1023,3.20e-01,-4.00e-01,
1024,1.60e-01,-4.00e-01,
1025,3.20e-01,4.00e-01,
1026,1.60e-01,-4.00e-01,
1027,3.20e-01,4.00e-01,
1028,1.60e-01,4.00e-01,
1029,3.20e-01,-4.00e-01,
1030,1.60e-01,-4.00e-01,
1031,3.20e-01,4.00e-01,
1032,3.20e-01,4.00e-01,
1033,1.60e-01,-4.00e-01,
1034,1.60e-01,4.00e-01,
1035,3.20e-01,-4.00e-01,
1036,1.60e-01,-4.00e-01,
1037,3.20e-01,4.00e-01,
1038,1.60e-01,4.00e-01,
1039,3.20e-01,-4.00e-01,
1040,1.60e-01,4.00e-01,
1041,3.20e-01,-4.00e-01,
1042,1.60e-01,4.00e-01,
1043,3.20e-01,-4.00e-01,
1044,1.60e-01,4.00e-01,
1045,3.20e-01,-4.00e-01,
1046,1.60e-01,4.00e-01,
1047,3.20e-01,-4.00e-01,
1048,1.60e-01,-4.00e-01,
1049,3.20e-01,4.00e-01,
1050,1.60e-01,-4.00e-01,
1051,3.20e-01,4.00e-01,
1052,1.60e-01,4.00e-01,
1053,3.20e-01,-4.00e-01,
1054,1.60e-01,4.00e-01,
1055,3.20e-01,-4.00e-01,
1056,1.60e-01,4.00e-01,
1057,3.20e-01,-4.00e-01,
1058,1.60e-01,-4.00e-01,
1059,3.20e-01,4.00e-01,
1060,1.60e-01,-4.00e-01,
1061,3.20e-01,4.00e-01,
1062,1.60e-01,4.00e-01,
1063,3.20e-01,-4.00e-01,
1064,1.60e-01,4.00e-01,
1065,3.20e-01,-4.00e-01,
1066,1.60e-01,4.00e-01,
1067,3.20e-01,-4.00e-01,
1068,1.60e-01,4.00e-01,
1069,3.20e-01,-4.00e-01,
1070,1.60e-01,4.00e-01,
1071,3.20e-01,-4.00e-01,
1072,1.60e-01,4.00e-01,
1073,3.20e-01,-4.00e-01,
1074,1.60e-01,-4.00e-01,
1075,2.40e-01,4.00e-01,
1076,1.60e-01,4.00e-01,
1077,3.20e-01,-4.00e-01,
1078,3.20e-01,4.00e-01,
1079,1.60e-01,-4.00e-01,
1080,1.60e-01,4.00e-01,
1081,3.20e-01,-4.00e-01,
1082,1.60e-01,4.00e-01,
1083,3.20e-01,-4.00e-01,
1084,1.60e-01,-4.00e-01,
1085,3.20e-01,4.00e-01,
1086,3.20e-01,4.00e-01,
1087,1.60e-01,-4.00e-01,
1088,1.60e-01,4.00e-01,
1089,3.20e-01,-4.00e-01,
1090,3.20e-01,-4.00e-01,
1091,1.60e-01,4.00e-01,
1092,1.60e-01,-4.00e-01,
1093,3.20e-01,4.00e-01,
1094,1.60e-01,4.00e-01,
1095,3.20e-01,-4.00e-01,
1096,1.60e-01,4.00e-01,
1097,3.20e-01,-4.00e-01,
1098,1.60e-01,4.00e-01,
1099,3.20e-01,-4.00e-01,
1100,1.60e-01,4.00e-01,
1101,3.20e-01,-4.00e-01,
1102,1.60e-01,-4.00e-01,
1103,3.20e-01,4.00e-01,
1104,1.60e-01,4.00e-01,
1105,3.20e-01,-4.00e-01,
1106,1.60e-01,-4.00e-01,
1107,3.20e-01,4.00e-01,
1108,2.40e-01,4.00e-01,
1109,3.20e-01,-4.00e-01,
1110,3.20e-01,4.00e-01,
1111,1.60e-01,-4.00e-01,
1112,1.60e-01,-4.00e-01,
1113,3.20e-01,4.00e-01,
1114,1.60e-01,4.00e-01,
1115,3.20e-01,-4.00e-01,
1116,1.60e-01,4.00e-01,
1117,3.20e-01,-4.00e-01,
1118,1.60e-01,-4.00e-01,
1119,3.20e-01,4.00e-01,
1120,1.60e-01,4.00e-01,
1121,3.20e-01,-4.00e-01,
1122,1.60e-01,4.00e-01,
1123,3.20e-01,-4.00e-01,
1124,1.60e-01,-4.00e-01,
1125,3.20e-01,4.00e-01,
1126,1.60e-01,4.00e-01,
1127,3.20e-01,-4.00e-01,
1128,1.60e-01,4.00e-01,
1129,3.20e-01,-4.00e-01,
1130,1.60e-01,-4.00e-01,
1131,3.20e-01,4.00e-01,
1132,1.60e-01,4.00e-01,
1133,3.20e-01,-4.00e-01,
1134,3.20e-01,4.00e-01,
1135,1.60e-01,-4.00e-01,
1136,3.20e-01,4.00e-01,
1137,1.60e-01,-4.00e-01,
1138,1.60e-01,4.00e-01,
1139,3.20e-01,-4.00e-01,
1140,1.60e-01,4.00e-01,
1141,3.20e-01,-4.00e-01,
1142,1.60e-01,4.00e-01,
1143,3.20e-01,-4.00e-01,
1144,1.60e-01,-4.00e-01,
1145,3.20e-01,4.00e-01,
1146,1.60e-01,-4.00e-01,
1147,3.20e-01,4.00e-01,
1148,1.60e-01,4.00e-01,
1149,3.20e-01,-4.00e-01,
1150,1.60e-01,4.00e-01,
1151,3.20e-01,-4.00e-01,
1152,1.60e-01,4.00e-01,
1153,3.20e-01,-4.00e-01,
1154,1.60e-01,4.00e-01,
1155,3.20e-01,-4.00e-01,
1156,1.60e-01,4.00e-01,
1157,3.20e-01,-4.00e-01,
1158,3.20e-01,4.00e-01,
1159,1.60e-01,-4.00e-01,
1160,1.60e-01,4.00e-01,
1161,3.20e-01,-4.00e-01,
1162,1.60e-01,-4.00e-01,
1163,3.20e-01,4.00e-01,
1164,1.60e-01,4.00e-01,
1165,3.20e-01,-4.00e-01,
1166,1.60e-01,4.00e-01,
1167,3.20e-01,-4.00e-01,
1168,1.60e-01,4.00e-01,
1169,3.20e-01,-4.00e-01,
1170,1.60e-01,4.00e-01,
1171,3.20e-01,-4.00e-01,
1172,1.60e-01,4.00e-01,
1173,3.20e-01,-4.00e-01,
1174,1.60e-01,4.00e-01,
1175,3.20e-01,-4.00e-01,
1176,1.60e-01,4.00e-01,
1177,3.20e-01,-4.00e-01,
1178,1.60e-01,4.00e-01,
1179,3.20e-01,-4.00e-01,
1180,1.60e-01,-4.00e-01,
1181,3.20e-01,4.00e-01,
1182,1.60e-01,-4.00e-01,
1183,3.20e-01,4.00e-01,
1184,1.60e-01,4.00e-01,
1185,3.20e-01,-4.00e-01,
1186,1.60e-01,4.00e-01,
1187,3.20e-01,-4.00e-01,
1188,1.60e-01,4.00e-01,
1189,3.20e-01,-4.00e-01,
1190,1.60e-01,4.00e-01,
1191,3.20e-01,-4.00e-01,
1192,1.60e-01,4.00e-01,
1193,3.20e-01,-4.00e-01,
1194,1.60e-01,4.00e-01,
1195,3.20e-01,-4.00e-01,
1196,1.60e-01,4.00e-01,
1197,3.20e-01,-4.00e-01,
1198,3.20e-01,-4.00e-01,
1199,1.60e-01,4.00e-01,
